{
"state":0,
"major":2,
"minor":0,
"patch":0,
"error":0,
"app":"yt_camera_service",
"incre_file": [
{
"name":"libinf_movi_sdk.so",
"md5":"029d39ab2093fb3890754425c88376fb",
"path":"/lib/libinf_movi_sdk.so"},{
"name":"VersionConfig.json",
"md5":"f33f1d16f61c6a1d558e036ebc6f9f14",
"path":"/config/VersionConfig.json"},{
"name":"output_1.txt",
"md5":"90a776848c3b47719d0c1cc479143792",
"path":"/config/model/mvdata/output_1.txt"},{
"name":"mvfw.origin",
"md5":"ff7b7260a79a304712c00de72ff1a71a",
"path":"/config/model/mvdata/mvfw.origin"},{
"name":"output_1_blob.txt",
"md5":"90a776848c3b47719d0c1cc479143792",
"path":"/config/model/mvdata/output_1_blob.txt"},{
"name":"yt_camera_service",
"md5":"97f56c4dd5cd5267801d218f8d2b2a1a",
"path":"/bin/yt_camera_service"},{
"name":"graph.blob",
"md5":"",
"path":"/config/model/mvdata/graph.blob"},{
"name":"mvfw",
"md5":"164a1264e5899ba61dcd8d3949691386",
"path":"/config/model/mvdata/mvfw"}
],
"all_file": [
{
"name":"qualityFilter_V310_0928_bin.rapidproto",
"md5":"3f5532d406f64103d444add97bb49ab1",
"path":"/config/model/fq/qualityFilter_V310_0928_bin.rapidproto"},{
"name":"libytcommon-armv7.so",
"md5":"ca6ef30e118e3a64ee1932fa67fdb637",
"path":"/lib/libytcommon-armv7.so"},{
"name":"libytcommon-armv7a-hisiv500.so",
"md5":"ca6ef30e118e3a64ee1932fa67fdb637",
"path":"/lib/libytcommon-armv7a-hisiv500.so"},{
"name":"net_3_bin.rpnproto",
"md5":"df18ddb48ce594b4c0acbc06dec8c903",
"path":"/config/model/detect/net_3_bin.rpnproto"},{
"name":"env.sh",
"md5":"54a285c5931d844346a93fe419be350e",
"path":"/lib/env.sh"},{
"name":"libinf_movi_sdk.so",
"md5":"029d39ab2093fb3890754425c88376fb",
"path":"/lib/libinf_movi_sdk.so"},{
"name":"VersionConfig.json",
"md5":"f33f1d16f61c6a1d558e036ebc6f9f14",
"path":"/config/VersionConfig.json"},{
"name":"youtu_license_info.bin",
"md5":"f9493336a559939929e7ead024907541",
"path":"/bin/youtu_license_info.bin"},{
"name":"output_1.txt",
"md5":"90a776848c3b47719d0c1cc479143792",
"path":"/config/model/mvdata/output_1.txt"},{
"name":"libcurl.so.4",
"md5":"f1a3eebf3ae60b79115db91e079e3a53",
"path":"/lib/libcurl.so.4"},{
"name":"BaseConfig.json",
"md5":"83e344bd0aca39dbda48647e0cc00c84",
"path":"/config/BaseConfig.json"},{
"name":"snmpd.conf",
"md5":"4abfdf64e9e48dfb64bf327a2d664af5",
"path":"/config/snmpd.conf"},{
"name":"libusb-1.0.so.0",
"md5":"655d95c19ee877da9d009a8a7ee2cbdd",
"path":"/lib/libusb-1.0.so.0"},{
"name":"config.ini",
"md5":"549db582d243cc1790455ef4dfe60193",
"path":"/config/model/detect/config.ini"},{
"name":"qualityFilter_V310_0928.rapidmodel",
"md5":"3ca7abff33ebb4544d69c90d978eec31",
"path":"/config/model/fq/qualityFilter_V310_0928.rapidmodel"},{
"name":"mvfw.origin",
"md5":"ff7b7260a79a304712c00de72ff1a71a",
"path":"/config/model/mvdata/mvfw.origin"},{
"name":"net_3.rpnmodel",
"md5":"9ffa5fd38bfe975b3db0672b97dc3135",
"path":"/config/model/detect/net_3.rpnmodel"},{
"name":"net_2_bin.rpnproto",
"md5":"476ea4998ada3ad5a399c2d9c1cfbbc3",
"path":"/config/model/detect/net_2_bin.rpnproto"},{
"name":"snmpd",
"md5":"fd5b5fd778b6f28396b1a282279332bb",
"path":"/bin/snmpd"},{
"name":"fastfa.rpdc",
"md5":"ba47f411f763c91cffe67820367e8179",
"path":"/config/model/fastalign/fastfa.rpdc"},{
"name":"output_1_blob.txt",
"md5":"90a776848c3b47719d0c1cc479143792",
"path":"/config/model/mvdata/output_1_blob.txt"},{
"name":"net_1.rpnmodel",
"md5":"37a537983d1c487e8a433b709b855b7a",
"path":"/config/model/detect/net_1.rpnmodel"},{
"name":"graph.blob",
"md5":"",
"path":"/config/model/mvdata/graph.blob"},{
"name":"yt_camera_service",
"md5":"97f56c4dd5cd5267801d218f8d2b2a1a",
"path":"/bin/yt_camera_service"},{
"name":"PE.dat",
"md5":"ec158c324b7e61c41abb38fa54a00223",
"path":"/config/model/pose/PE.dat"},{
"name":"libprotobuf.so.9",
"md5":"e0a2fdde2a81f8a5b287293651fe2ea7",
"path":"/lib/libprotobuf.so.9"},{
"name":"log.txt",
"md5":"9ff3dad27e81c01031f88e31e09b0bc2",
"path":"/bin/log.txt"},{
"name":"fastfa.rpdm",
"md5":"3e056f9b76bd771a195239404a0991ff",
"path":"/config/model/fastalign/fastfa.rpdm"},{
"name":"net_2.rpnmodel",
"md5":"48371fe950f01be0491de94e9b67de7a",
"path":"/config/model/detect/net_2.rpnmodel"},{
"name":"gdb",
"md5":"782ed39ccd449f4f049f721ba10d16e0",
"path":"/bin/gdb"},{
"name":"libusb-1.0.so",
"md5":"655d95c19ee877da9d009a8a7ee2cbdd",
"path":"/lib/libusb-1.0.so"},{
"name":"lib",
"md5":"",
"path":"/lib/lib"},{
"name":"ffaip1.rpdc",
"md5":"86cdddc5d8381516d155da2309b738c0",
"path":"/config/model/fastalign/ffaip1.rpdc"},{
"name":"mvfw",
"md5":"164a1264e5899ba61dcd8d3949691386",
"path":"/config/model/mvdata/mvfw"},{
"name":"ffaip1.rpdm",
"md5":"43f17e90e31a45869df0488469fe7601",
"path":"/config/model/fastalign/ffaip1.rpdm"},{
"name":"tool_license_generate",
"md5":"9fd22e583dd8a2113c58b26f1f00e168",
"path":"/bin/tool_license_generate"},{
"name":"net_1_bin.rpnproto",
"md5":"fab3c3b67c3772c81cec402fd8ac087f",
"path":"/config/model/detect/net_1_bin.rpnproto"},{
"name":"model",
"md5":"",
"path":"/config/model/model"}
]
}
