{
"state":0,
"major":2,
"minor":0,
"patch":0,
"error":0,
"app":"yt_camera_service",
"incre_file": [
{
"name":"libinf_movi_sdk.so",
"md5":"180103568fb1666677b9990dc773e060",
"path":"/lib/libinf_movi_sdk.so"},{
"name":"VersionConfig.json",
"md5":"1be8ef610f393ddf6fcc97b5bd78ff61",
"path":"/config/VersionConfig.json"}
],
"all_file": [
{
"name":"libytcommon-armv7.so",
"md5":"118307e4793264e7e4ce2d405fca483b",
"path":"/lib/libytcommon-armv7.so"},{
"name":"net_3_bin.rpnproto",
"md5":"df18ddb48ce594b4c0acbc06dec8c903",
"path":"/config/model/detect/net_3_bin.rpnproto"},{
"name":"env.sh",
"md5":"54a285c5931d844346a93fe419be350e",
"path":"/lib/env.sh"},{
"name":"libinf_movi_sdk.so",
"md5":"180103568fb1666677b9990dc773e060",
"path":"/lib/libinf_movi_sdk.so"},{
"name":"VersionConfig.json",
"md5":"1be8ef610f393ddf6fcc97b5bd78ff61",
"path":"/config/VersionConfig.json"},{
"name":"libcurl.so.4",
"md5":"f1a3eebf3ae60b79115db91e079e3a53",
"path":"/lib/libcurl.so.4"},{
"name":"BaseConfig.json",
"md5":"83e344bd0aca39dbda48647e0cc00c84",
"path":"/config/BaseConfig.json"},{
"name":"libusb-1.0.so.0",
"md5":"655d95c19ee877da9d009a8a7ee2cbdd",
"path":"/lib/libusb-1.0.so.0"},{
"name":"config.ini",
"md5":"1d14cbfacef6f9ba797f232c1d630b4e",
"path":"/config/model/detect/config.ini"},{
"name":"net_3.rpnmodel",
"md5":"7ae43a142d575b54a5ede003b98546e0",
"path":"/config/model/detect/net_3.rpnmodel"},{
"name":"net_2_bin.rpnproto",
"md5":"476ea4998ada3ad5a399c2d9c1cfbbc3",
"path":"/config/model/detect/net_2_bin.rpnproto"},{
"name":"fastfa.rpdc",
"md5":"ba47f411f763c91cffe67820367e8179",
"path":"/config/model/fastalign/fastfa.rpdc"},{
"name":"net_1.rpnmodel",
"md5":"d2ef471e4e28119b4e9c761ce18fb0e7",
"path":"/config/model/detect/net_1.rpnmodel"},{
"name":"graph.blob",
"md5":"c294762d52a5397e3197fe98cfcbbef7",
"path":"/config/model/mvdata/graph.blob"},{
"name":"yt_camera_service",
"md5":"b5db564f2de5fed29f740e5f21397acb",
"path":"/bin/yt_camera_service"},{
"name":"PE.dat",
"md5":"ec158c324b7e61c41abb38fa54a00223",
"path":"/config/model/pose/PE.dat"},{
"name":"libprotobuf.so.9",
"md5":"e0a2fdde2a81f8a5b287293651fe2ea7",
"path":"/lib/libprotobuf.so.9"},{
"name":"fastfa.rpdm",
"md5":"3e056f9b76bd771a195239404a0991ff",
"path":"/config/model/fastalign/fastfa.rpdm"},{
"name":"net_2.rpnmodel",
"md5":"f1d4d7337fdb21fb113de182794af83b",
"path":"/config/model/detect/net_2.rpnmodel"},{
"name":"libusb-1.0.so",
"md5":"655d95c19ee877da9d009a8a7ee2cbdd",
"path":"/lib/libusb-1.0.so"},{
"name":"mvfw",
"md5":"2d51f00ac8112f5414c3bc63d7581cf8",
"path":"/config/model/mvdata/mvfw"},{
"name":"net_1_bin.rpnproto",
"md5":"242f455ea6bf4565800cec17a99f6257",
"path":"/config/model/detect/net_1_bin.rpnproto"}
]
}
